Item ID,Name,Category,Description,Variant 1 - Name,Variant 1 - Price,Variant 1 - SKU,Variant 2 - Name,Variant 2 - Price,Variant 2 - SKU,Variant 3 - Name,Variant 3 - Price,Variant 3 - SKU,Tax - Moms (25%)
,Sony h.ear on Wireless NC Black,Hovedtelefoner Mikrofon Noise-Cancelling Street Wireless ,Sony h.ear on Wireless NC Black,Sony h.ear on Wireless NC Black,2499.000000,,Sony h.ear on Wireless NC Black Tilbud,,,,,,Y
,WOOFit JAM S Black,Trådløse højttalere ,WOOFit JAM S Black,WOOFit JAM S Black,.000000,,WOOFit JAM S Black Tilbud,799,,,,,Y
,WOOFit Midnight Black,Trådløse højttalere ,WOOFit Midnight Black,WOOFit Midnight Black,599.000000,,WOOFit Midnight Black Tilbud,399,,,,,Y
,Sony h.ear on Wireless NC Red,Hovedtelefoner Mikrofon Noise-Cancelling Street Wireless ,Sony h.ear on Wireless NC Red,Sony h.ear on Wireless NC Red,2499.000000,,Sony h.ear on Wireless NC Red Tilbud,,,,,,Y
,Sony MDR-ZX330BT Bluetooth,Hovedtelefoner Street Wireless ,Sony MDR-ZX330BT Bluetooth,Sony MDR-ZX330BT Bluetooth,799.000000,,Sony MDR-ZX330BT Bluetooth Tilbud,,,,,,Y
,WOOFit Silver,Trådløse højttalere ,WOOFit Silver,WOOFit Silver,599.000000,,WOOFit Silver Tilbud,399,,,,,Y
,Sony h.ear in Wireless Black,Hovedtelefoner In-Ear Mikrofon Street Wireless ,Sony h.ear in Wireless Black,Sony h.ear in Wireless Black,1499.000000,,Sony h.ear in Wireless Black Tilbud,,,,,,Y
,WOOFit Gun Metal,Trådløse højttalere ,WOOFit Gun Metal,WOOFit Gun Metal,599.000000,,WOOFit Gun Metal Tilbud,399,,,,,Y
,Sony h.ear on Blue,Hovedtelefoner Mikrofon Street ,Sony h.ear on Blue,Sony h.ear on Blue,1399.000000,,Sony h.ear on Blue Tilbud,,,,,,Y
,beyerdynamic Mobiltelefon adapter,Kabler og stik Tilbehør ,beyerdynamic Mobiltelefon adapter,beyerdynamic Mobiltelefon adapter,99.000000,,beyerdynamic Mobiltelefon adapter Tilbud,,,,,,Y
,AV-Cables Optisk toslink Digital kabel 2m,Kabler og stik Tilbehør ,AV-Cables Optisk toslink Digital kabel 2m,AV-Cables Optisk toslink Digital kabel 2m,69.000000,,AV-Cables Optisk toslink Digital kabel 2m Tilbud,,,,,,Y
,AV-Cables Optisk toslink Digital kabel 1m,Kabler og stik Tilbehør ,AV-Cables Optisk toslink Digital kabel 1m,AV-Cables Optisk toslink Digital kabel 1m,59.000000,,AV-Cables Optisk toslink Digital kabel 1m Tilbud,,,,,,Y
,AV-Cables Optisk toslink Digital kabel 0.5m,Kabler og stik Tilbehør ,AV-Cables Optisk toslink Digital kabel 0.5m,AV-Cables Optisk toslink Digital kabel 0.5m,49.000000,,AV-Cables Optisk toslink Digital kabel 0.5m Tilbud,,,,,,Y
,AV-Cables Minijack kabel fladt 1 meter rød,Kabler og stik Tilbehør ,AV-Cables Minijack kabel fladt 1 meter rød,AV-Cables Minijack kabel fladt 1 meter rød,99.000000,,AV-Cables Minijack kabel fladt 1 meter rød Tilbud,,,,,,Y
,Sony h.ear in NC Blue,Hovedtelefoner In-Ear Mikrofon Noise-Cancelling Street ,Sony h.ear in NC Blue,Sony h.ear in NC Blue,1399.000000,,Sony h.ear in NC Blue Tilbud,,,,,,Y
,Sennheiser Momentum Wireless Black,HiFi Hovedtelefoner Mikrofon Noise-Cancelling Street Wireless ,Sennheiser Momentum Wireless Black,Sennheiser Momentum Wireless Black,3499.000000,,Sennheiser Momentum Wireless Black Tilbud,,,,,,Y
,AV-Cables HQ 6.3mm stereo jack han / 3.5mm minijack hun,Kabler og stik Tilbehør ,AV-Cables HQ 6.3mm stereo jack han / 3.5mm minijack hun,AV-Cables HQ 6.3mm stereo jack han / 3.5mm minijack hun,69.000000,,AV-Cables HQ 6.3mm stereo jack han / 3.5mm minijack hun Tilbud,,,,,,Y
,Sennheiser Momentum I MKII Brown til Apple,HiFi Hovedtelefoner Mikrofon Street ,Sennheiser Momentum I MKII Brown til Apple,Sennheiser Momentum I MKII Brown til Apple,2499.000000,,Sennheiser Momentum I MKII Brown til Apple Tilbud,,,,,,Y
,AV-Cables HQ 3.5mm minijack han / 6.3mm stereo jack hun,Kabler og stik Tilbehør ,AV-Cables HQ 3.5mm minijack han / 6.3mm stereo jack hun,AV-Cables HQ 3.5mm minijack han / 6.3mm stereo jack hun,69.000000,,AV-Cables HQ 3.5mm minijack han / 6.3mm stereo jack hun Tilbud,,,,,,Y
,Clicktronic Casual Minijack kabel 1 meter,Kabler og stik Tilbehør ,Clicktronic Casual Minijack kabel 1 meter,Clicktronic Casual Minijack kabel 1 meter,109.000000,,Clicktronic Casual Minijack kabel 1 meter Tilbud,,,,,,Y
,Sennheiser Momentum On-Ear Wireless Ivory,HiFi Hovedtelefoner Mikrofon Noise-Cancelling Street Wireless ,Sennheiser Momentum On-Ear Wireless Ivory,Sennheiser Momentum On-Ear Wireless Ivory,2699.000000,,Sennheiser Momentum On-Ear Wireless Ivory Tilbud,,,,,,Y
,Sennheiser Momentum On-Ear Wireless Black,HiFi Hovedtelefoner Mikrofon Noise-Cancelling Street Wireless ,Sennheiser Momentum On-Ear Wireless Black,Sennheiser Momentum On-Ear Wireless Black,2699.000000,,Sennheiser Momentum On-Ear Wireless Black Tilbud,,,,,,Y
,Clicktronic Casual Minijack til 2xPhono kabel 2m,Kabler og stik Tilbehør ,Clicktronic Casual Minijack til 2xPhono kabel 2m,Clicktronic Casual Minijack til 2xPhono kabel 2m,139.000000,,Clicktronic Casual Minijack til 2xPhono kabel 2m Tilbud,,,,,,Y
,Clicktronic Casual Minijack til 2xPhono kabel 3m,Kabler og stik Tilbehør ,Clicktronic Casual Minijack til 2xPhono kabel 3m,Clicktronic Casual Minijack til 2xPhono kabel 3m,159.000000,,Clicktronic Casual Minijack til 2xPhono kabel 3m Tilbud,,,,,,Y
,Clicktronic Casual Minijack til 2xPhono kabel 1m,Kabler og stik Tilbehør ,Clicktronic Casual Minijack til 2xPhono kabel 1m,Clicktronic Casual Minijack til 2xPhono kabel 1m,129.000000,,Clicktronic Casual Minijack til 2xPhono kabel 1m Tilbud,,,,,,Y
,Skullcandy GRIND Wireless Black/Tan,Hovedtelefoner Mikrofon Street Wireless ,Skullcandy GRIND Wireless Black/Tan,Skullcandy GRIND Wireless Black/Tan,699.000000,,Skullcandy GRIND Wireless Black/Tan Tilbud,,,,,,Y
,Clicktronic Casual High Quality Phono kabel 1m,Kabler og stik Tilbehør ,Clicktronic Casual High Quality Phono kabel 1m,Clicktronic Casual High Quality Phono kabel 1m,159.000000,,Clicktronic Casual High Quality Phono kabel 1m Tilbud,,,,,,Y
,Skullcandy GRIND Wireless Black/Chrome,Hovedtelefoner Mikrofon Street Wireless ,Skullcandy GRIND Wireless Black/Chrome,Skullcandy GRIND Wireless Black/Chrome,699.000000,,Skullcandy GRIND Wireless Black/Chrome Tilbud,,,,,,Y
,Clicktronic Casual High Quality Phono kabel 2m,Kabler og stik Tilbehør ,Clicktronic Casual High Quality Phono kabel 2m,Clicktronic Casual High Quality Phono kabel 2m,179.000000,,Clicktronic Casual High Quality Phono kabel 2m Tilbud,,,,,,Y
,Sony MDR-1A Silver,HiFi Hovedtelefoner Mikrofon Street ,Sony MDR-1A Silver,Sony MDR-1A Silver,1649.000000,,Sony MDR-1A Silver Tilbud,,,,,,Y
,Sony MDR-1A,HiFi Hovedtelefoner Mikrofon Street ,Sony MDR-1A,Sony MDR-1A,1649.000000,,Sony MDR-1A Tilbud,,,,,,Y
,Clicktronic Casual High Quality Phono kabel 3m,Kabler og stik Tilbehør ,Clicktronic Casual High Quality Phono kabel 3m,Clicktronic Casual High Quality Phono kabel 3m,199.000000,,Clicktronic Casual High Quality Phono kabel 3m Tilbud,,,,,,Y
,Clicktronic Minijack forlænger kabel 3 meter,Kabler og stik Tilbehør ,Clicktronic Minijack forlænger kabel 3 meter,Clicktronic Minijack forlænger kabel 3 meter,149.000000,,Clicktronic Minijack forlænger kabel 3 meter Tilbud,,,,,,Y
,Sony MDR-1ABT,HiFi Hovedtelefoner Mikrofon Street Wireless ,Sony MDR-1ABT,Sony MDR-1ABT,2799.000000,,Sony MDR-1ABT Tilbud,,,,,,Y
,Sony MDR-1RNC,HiFi Hovedtelefoner Mikrofon Noise-Cancelling Street ,Sony MDR-1RNC,Sony MDR-1RNC,3499.000000,,Sony MDR-1RNC Tilbud,,,,,,Y
,Clicktronic Minijack forlænger kabel 5 meter,Kabler og stik Tilbehør ,Clicktronic Minijack forlænger kabel 5 meter,Clicktronic Minijack forlænger kabel 5 meter,189.000000,,Clicktronic Minijack forlænger kabel 5 meter Tilbud,,,,,,Y
,Audio-Technica ATH-MSR7 Gun Metal,Hovedtelefoner Mikrofon Street ,Audio-Technica ATH-MSR7 Gun Metal,Audio-Technica ATH-MSR7 Gun Metal,1899.000000,,Audio-Technica ATH-MSR7 Gun Metal Tilbud,,,,,,Y
,Clicktronic Casual Minijack kabel 3 meter,Kabler og stik Tilbehør ,Clicktronic Casual Minijack kabel 3 meter,Clicktronic Casual Minijack kabel 3 meter,149.000000,,Clicktronic Casual Minijack kabel 3 meter Tilbud,,,,,,Y
,Clicktronic Casual Minijack kabel 1.5 meter,Kabler og stik Tilbehør ,Clicktronic Casual Minijack kabel 1.5 meter,Clicktronic Casual Minijack kabel 1.5 meter,119.000000,,Clicktronic Casual Minijack kabel 1.5 meter Tilbud,,,,,,Y
,Audio-Technica ATH-MSR7 Black,Hovedtelefoner Mikrofon Street ,Audio-Technica ATH-MSR7 Black,Audio-Technica ATH-MSR7 Black,1899.000000,,Audio-Technica ATH-MSR7 Black Tilbud,,,,,,Y
,Klipsch Reference X6i,In-Ear Mikrofon Street Studie ,Klipsch Reference X6i,Klipsch Reference X6i,1399.000000,,Klipsch Reference X6i Tilbud,,,,,,Y
,AV-Cables Minijack kabel vinklet 1 meter,Kabler og stik Tilbehør ,AV-Cables Minijack kabel vinklet 1 meter,AV-Cables Minijack kabel vinklet 1 meter,109.000000,,AV-Cables Minijack kabel vinklet 1 meter Tilbud,,,,,,Y
,AV-Cables Minijack kabel fladt 1 meter sort,Kabler og stik Tilbehør ,AV-Cables Minijack kabel fladt 1 meter sort,AV-Cables Minijack kabel fladt 1 meter sort,99.000000,,AV-Cables Minijack kabel fladt 1 meter sort Tilbud,,,,,,Y
,AV-Cables Minijack kabel fladt 1 meter pink,Kabler og stik Tilbehør ,AV-Cables Minijack kabel fladt 1 meter pink,AV-Cables Minijack kabel fladt 1 meter pink,99.000000,,AV-Cables Minijack kabel fladt 1 meter pink Tilbud,,,,,,Y
,AV-Cables Minijack kabel fladt 1 meter blå,Kabler og stik Tilbehør ,AV-Cables Minijack kabel fladt 1 meter blå,AV-Cables Minijack kabel fladt 1 meter blå,99.000000,,AV-Cables Minijack kabel fladt 1 meter blå Tilbud,,,,,,Y
,AV-Cables Minijack kabel fladt 1 meter hvid,Kabler og stik Tilbehør ,AV-Cables Minijack kabel fladt 1 meter hvid,AV-Cables Minijack kabel fladt 1 meter hvid,99.000000,,AV-Cables Minijack kabel fladt 1 meter hvid Tilbud,,,,,,Y
,--- Fragt ---,,--- Fragt ---,--- Fragt ---,.000000,,--- Fragt --- Tilbud,,,,,,Y
,--- Diverse ---,,--- Diverse ---,--- Diverse ---,.000000,,--- Diverse --- Tilbud,,,,,,Y
,Klipsch R6i,In-Ear Mikrofon Street ,Klipsch R6i,Klipsch R6i,599.000000,,Klipsch R6i Tilbud,,,,,,Y
,Marshall Major II Bluetooth,Hovedtelefoner Mikrofon Street Wireless ,Marshall Major II Bluetooth,Marshall Major II Bluetooth,1199.000000,,Marshall Major II Bluetooth Tilbud,,,,,,Y
,Marshall Major II Pitch Black,Hovedtelefoner Mikrofon Street ,Marshall Major II Pitch Black,Marshall Major II Pitch Black,799.000000,,Marshall Major II Pitch Black Tilbud,,,,,,Y
,Skullcandy XTfree Wireless Black/Gray,Hovedtelefoner In-Ear Mikrofon Sport Wireless ,Skullcandy XTfree Wireless Black/Gray,Skullcandy XTfree Wireless Black/Gray,899.000000,,Skullcandy XTfree Wireless Black/Gray Tilbud,,,,,,Y
,Skullcandy XTfree Wireless Navy/Blue,Hovedtelefoner In-Ear Mikrofon Sport Wireless ,Skullcandy XTfree Wireless Navy/Blue,Skullcandy XTfree Wireless Navy/Blue,899.000000,,Skullcandy XTfree Wireless Navy/Blue Tilbud,,,,,,Y
,Audio-Technica ATH-ANC9,Hovedtelefoner Mikrofon Noise-Cancelling Street ,Audio-Technica ATH-ANC9,Audio-Technica ATH-ANC9,1899.000000,,Audio-Technica ATH-ANC9 Tilbud,,,,,,Y
,Audio-Technica ATH-MSR7NC,Hovedtelefoner Mikrofon Noise-Cancelling Street ,Audio-Technica ATH-MSR7NC,Audio-Technica ATH-MSR7NC,2799.000000,,Audio-Technica ATH-MSR7NC Tilbud,,,,,,Y
,beyerdynamic DT 990 Pro 250 Ohm,Studie ,beyerdynamic DT 990 Pro 250 Ohm,beyerdynamic DT 990 Pro 250 Ohm,1249.000000,,beyerdynamic DT 990 Pro 250 Ohm Tilbud,,,,,,Y
,beyerdynamic DT 770 Pro 80 Ohm,Hovedtelefoner Street Studie ,beyerdynamic DT 770 Pro 80 Ohm,beyerdynamic DT 770 Pro 80 Ohm,.000000,,beyerdynamic DT 770 Pro 80 Ohm Tilbud,1249,,,,,Y
,beyerdynamic T 90,HiFi Hovedtelefoner ,beyerdynamic T 90,beyerdynamic T 90,3499.000000,,beyerdynamic T 90 Tilbud,,,,,,Y
,Sennheiser Urbanite XL Wireless,Hovedtelefoner Mikrofon Street Wireless ,Sennheiser Urbanite XL Wireless,Sennheiser Urbanite XL Wireless,2199.000000,,Sennheiser Urbanite XL Wireless Tilbud,,,,,,Y
,Monster ROC Platinum,Hovedtelefoner Mikrofon Sport Street ,Monster ROC Platinum,Monster ROC Platinum,.000000,,Monster ROC Platinum Tilbud,2399,,,,,Y
,Monster ROC Freedom,Hovedtelefoner Mikrofon Sport Street Wireless ,Monster ROC Freedom,Monster ROC Freedom,.000000,,Monster ROC Freedom Tilbud,1999,,,,,Y
,Monster ROC Superslim,Hovedtelefoner In-Ear Mikrofon Sport Street Wireless ,Monster ROC Superslim,Monster ROC Superslim,.000000,,Monster ROC Superslim Tilbud,1399,,,,,Y
,WOOFit Headphone Black,Hovedtelefoner Mikrofon Noise-Cancelling Street Wireless ,WOOFit Headphone Black,WOOFit Headphone Black,999.000000,,WOOFit Headphone Black Tilbud,899,,,,,Y
,WOOFit Headphone Golden,Hovedtelefoner Mikrofon Noise-Cancelling Street Wireless ,WOOFit Headphone Golden,WOOFit Headphone Golden,999.000000,,WOOFit Headphone Golden Tilbud,899,,,,,Y
,Skullcandy Strum Ill Famed/Royal/Cream w/Mic2,Hovedtelefoner In-Ear Mikrofon Street ,Skullcandy Strum Ill Famed/Royal/Cream w/Mic2,Skullcandy Strum Ill Famed/Royal/Cream w/Mic2,399.000000,,Skullcandy Strum Ill Famed/Royal/Cream w/Mic2 Tilbud,,,,,,Y
,Skullcandy Strum Pine/Mustard/Pink w/Mic2,Hovedtelefoner In-Ear Mikrofon Street ,Skullcandy Strum Pine/Mustard/Pink w/Mic2,Skullcandy Strum Pine/Mustard/Pink w/Mic2,399.000000,,Skullcandy Strum Pine/Mustard/Pink w/Mic2 Tilbud,,,,,,Y
,Skullcandy XTfree Wireless WOMENS Swirl/Coolgray/Charcoal,Hovedtelefoner In-Ear Mikrofon Sport Wireless ,Skullcandy XTfree Wireless WOMENS Swirl/Coolgray/Charcoal,Skullcandy XTfree Wireless WOMENS Swirl/Coolgray/Charcoal,899.000000,,Skullcandy XTfree Wireless WOMENS Swirl/Coolgray/Charcoal Tilbud,,,,,,Y
,Skullcandy Smokin' Buds 2 Wireless Black/Red/Red,Hovedtelefoner In-Ear Mikrofon Street Wireless ,Skullcandy Smokin' Buds 2 Wireless Black/Red/Red,Skullcandy Smokin' Buds 2 Wireless Black/Red/Red,499.000000,,Skullcandy Smokin' Buds 2 Wireless Black/Red/Red Tilbud,,,,,,Y
,Skullcandy Smokin' Buds 2 Wireless Black/Black/Chrome,Hovedtelefoner In-Ear Mikrofon Street Wireless ,Skullcandy Smokin' Buds 2 Wireless Black/Black/Chrome,Skullcandy Smokin' Buds 2 Wireless Black/Black/Chrome,499.000000,,Skullcandy Smokin' Buds 2 Wireless Black/Black/Chrome Tilbud,,,,,,Y
,Skullcandy Smokin' Buds 2 Wireless White/White/Chrome,Hovedtelefoner In-Ear Mikrofon Street Wireless ,Skullcandy Smokin' Buds 2 Wireless White/White/Chrome,Skullcandy Smokin' Buds 2 Wireless White/White/Chrome,499.000000,,Skullcandy Smokin' Buds 2 Wireless White/White/Chrome Tilbud,,,,,,Y
,Fiio L17,Kabler og stik Tilbehør ,Fiio L17,Fiio L17,149.000000,,Fiio L17 Tilbud,,,,,,Y
,Fiio L16,Kabler og stik Tilbehør ,Fiio L16,Fiio L16,149.000000,,Fiio L16 Tilbud,,,,,,Y
,Fiio A1,Preamps / Hovedtelefonforstærker ,Fiio A1,Fiio A1,299.000000,,Fiio A1 Tilbud,,,,,,Y
,Monster PowerCard,Strømforsyning Tilbehør ,Monster PowerCard,Monster PowerCard,249.000000,,Monster PowerCard Tilbud,,,,,,Y
,Goal Zero Flip 10 Photo Blue,Strømforsyning Tilbehør ,Goal Zero Flip 10 Photo Blue,Goal Zero Flip 10 Photo Blue,249.000000,,Goal Zero Flip 10 Photo Blue Tilbud,,,,,,Y
,Sennheiser CX 5.00i White,Hovedtelefoner In-Ear Mikrofon ,Sennheiser CX 5.00i White,Sennheiser CX 5.00i White,599.000000,,Sennheiser CX 5.00i White Tilbud,,,,,,Y
,Sennheiser Urbanite XL Black,Hovedtelefoner Mikrofon Street ,Sennheiser Urbanite XL Black,Sennheiser Urbanite XL Black,1699.000000,,Sennheiser Urbanite XL Black Tilbud,,,,,,Y
,Sennheiser Urbanite XL Denim,Hovedtelefoner Mikrofon Street ,Sennheiser Urbanite XL Denim,Sennheiser Urbanite XL Denim,1699.000000,,Sennheiser Urbanite XL Denim Tilbud,,,,,,Y
,Sennheiser Momentum I MKII Ivory til Apple,HiFi Hovedtelefoner Mikrofon Street ,Sennheiser Momentum I MKII Ivory til Apple,Sennheiser Momentum I MKII Ivory til Apple,2499.000000,,Sennheiser Momentum I MKII Ivory til Apple Tilbud,,,,,,Y
,Audio-Technica ATH-ANC70,Hovedtelefoner Mikrofon Noise-Cancelling Street ,Audio-Technica ATH-ANC70,Audio-Technica ATH-ANC70,1199.000000,,Audio-Technica ATH-ANC70 Tilbud,,,,,,Y
,Marshall Mode EQ Black and Brass,Hovedtelefoner In-Ear Mikrofon Street ,Marshall Mode EQ Black and Brass,Marshall Mode EQ Black and Brass,499.000000,,Marshall Mode EQ Black and Brass Tilbud,,,,,,Y
,Marshall Mode Black and White,Hovedtelefoner In-Ear Mikrofon Street ,Marshall Mode Black and White,Marshall Mode Black and White,399.000000,,Marshall Mode Black and White Tilbud,,,,,,Y
,Marshall Major II White,Hovedtelefoner Mikrofon Street ,Marshall Major II White,Marshall Major II White,799.000000,,Marshall Major II White Tilbud,,,,,,Y
,Skullcandy Strum Black/Black/Chrome w/Mic2,Hovedtelefoner In-Ear Mikrofon Street ,Skullcandy Strum Black/Black/Chrome w/Mic2,Skullcandy Strum Black/Black/Chrome w/Mic2,399.000000,,Skullcandy Strum Black/Black/Chrome w/Mic2 Tilbud,,,,,,Y
,Skullcandy Strum White/Black/Chrome w/Mic2,Hovedtelefoner In-Ear Mikrofon Street ,Skullcandy Strum White/Black/Chrome w/Mic2,Skullcandy Strum White/Black/Chrome w/Mic2,399.000000,,Skullcandy Strum White/Black/Chrome w/Mic2 Tilbud,,,,,,Y
,Urbanears Bagis Black,Hovedtelefoner In-Ear Mikrofon ,Urbanears Bagis Black,Urbanears Bagis Black,249.000000,,Urbanears Bagis Black Tilbud,,,,,,Y
,Urbanears Bagis White,Hovedtelefoner In-Ear Mikrofon ,Urbanears Bagis White,Urbanears Bagis White,249.000000,,Urbanears Bagis White Tilbud,,,,,,Y
,Urbanears Plattan Bluetooth Caribbean,Hovedtelefoner Mikrofon Street Wireless ,Urbanears Plattan Bluetooth Caribbean,Urbanears Plattan Bluetooth Caribbean,799.000000,,Urbanears Plattan Bluetooth Caribbean Tilbud,,,,,,Y
,Urbanears Plattan Bluetooth Bonfire Orange,Hovedtelefoner Mikrofon Street Wireless ,Urbanears Plattan Bluetooth Bonfire Orange,Urbanears Plattan Bluetooth Bonfire Orange,799.000000,,Urbanears Plattan Bluetooth Bonfire Orange Tilbud,,,,,,Y
,Urbanears Plattan Bluetooth Malibu,Hovedtelefoner Mikrofon Street Wireless ,Urbanears Plattan Bluetooth Malibu,Urbanears Plattan Bluetooth Malibu,799.000000,,Urbanears Plattan Bluetooth Malibu Tilbud,,,,,,Y
,Urbanears Plattan Bluetooth Camelia,Hovedtelefoner Mikrofon Street Wireless ,Urbanears Plattan Bluetooth Camelia,Urbanears Plattan Bluetooth Camelia,799.000000,,Urbanears Plattan Bluetooth Camelia Tilbud,,,,,,Y
,Urbanears Zinken Dark Gray,DJ Hovedtelefoner Street ,Urbanears Zinken Dark Gray,Urbanears Zinken Dark Gray,849.000000,,Urbanears Zinken Dark Gray Tilbud,,,,,,Y
,Urbanears Zinken Indigo,DJ Hovedtelefoner Street ,Urbanears Zinken Indigo,Urbanears Zinken Indigo,849.000000,,Urbanears Zinken Indigo Tilbud,,,,,,Y
,Urbanears Zinken Black,DJ Hovedtelefoner Street ,Urbanears Zinken Black,Urbanears Zinken Black,849.000000,,Urbanears Zinken Black Tilbud,,,,,,Y
,beyerdynamic DT 770 Pro 32 Ohm,Hovedtelefoner Street Studie ,beyerdynamic DT 770 Pro 32 Ohm,beyerdynamic DT 770 Pro 32 Ohm,1299.000000,,beyerdynamic DT 770 Pro 32 Ohm Tilbud,,,,,,Y
,FiiO K1,DAC Preamps / Hovedtelefonforstærker ,FiiO K1,FiiO K1,399.000000,,FiiO K1 Tilbud,,,,,,Y
,FiiO Q1,DAC Preamps / Hovedtelefonforstærker ,FiiO Q1,FiiO Q1,699.000000,,FiiO Q1 Tilbud,,,,,,Y
,Apogee groove,DAC ,Apogee groove,Apogee groove,2899.000000,,Apogee groove Tilbud,,,,,,Y
,FiiO A3,Preamps / Hovedtelefonforstærker ,FiiO A3,FiiO A3,699.000000,,FiiO A3 Tilbud,,,,,,Y
,FiiO Mont Blanc-E12,Preamps / Hovedtelefonforstærker ,FiiO Mont Blanc-E12,FiiO Mont Blanc-E12,1249.000000,,FiiO Mont Blanc-E12 Tilbud,,,,,,Y
,FiiO Mont Blanc-E12A,Preamps / Hovedtelefonforstærker ,FiiO Mont Blanc-E12A,FiiO Mont Blanc-E12A,1499.000000,,FiiO Mont Blanc-E12A Tilbud,,,,,,Y
,Marshall Kilburn Black,Trådløse højttalere ,Marshall Kilburn Black,Marshall Kilburn Black,2199.000000,,Marshall Kilburn Black Tilbud,,,,,,Y
,Ultrasone Go,Hovedtelefoner Mikrofon Street ,Ultrasone Go,Ultrasone Go,799.000000,,Ultrasone Go Tilbud,,,,,,Y
,RCF Iconica Black,Hovedtelefoner Mikrofon Street Studie ,RCF Iconica Black,RCF Iconica Black,1499.000000,,RCF Iconica Black Tilbud,,,,,,Y
,RCF Iconica White,Hovedtelefoner Mikrofon Street Studie ,RCF Iconica White,RCF Iconica White,1499.000000,,RCF Iconica White Tilbud,,,,,,Y
,Ultrasone Performance 820 Black,Hovedtelefoner Mikrofon Street Studie ,Ultrasone Performance 820 Black,Ultrasone Performance 820 Black,1199.000000,,Ultrasone Performance 820 Black Tilbud,,,,,,Y
,Ultrasone Performance 860 Black,Hovedtelefoner Mikrofon Street Studie ,Ultrasone Performance 860 Black,Ultrasone Performance 860 Black,1799.000000,,Ultrasone Performance 860 Black Tilbud,,,,,,Y
,Ultrasone Performance 880 Black,Hovedtelefoner Mikrofon Street Studie ,Ultrasone Performance 880 Black,Ultrasone Performance 880 Black,2499.000000,,Ultrasone Performance 880 Black Tilbud,,,,,,Y
,Sennheiser Momentum in-ear i Red/Black til Apple,HiFi Hovedtelefoner In-Ear Mikrofon Street ,Sennheiser Momentum in-ear i Red/Black til Apple,Sennheiser Momentum in-ear i Red/Black til Apple,799.000000,,Sennheiser Momentum in-ear i Red/Black til Apple Tilbud,,,,,,Y
,Audio-Technica ATH-R70x,Hovedtelefoner Studie ,Audio-Technica ATH-R70x,Audio-Technica ATH-R70x,2499.000000,,Audio-Technica ATH-R70x Tilbud,,,,,,Y
,Sony MDR-7510,Hovedtelefoner Street Studie ,Sony MDR-7510,Sony MDR-7510,999.000000,,Sony MDR-7510 Tilbud,,,,,,Y
,Sony MDR-7506,Hovedtelefoner Street Studie ,Sony MDR-7506,Sony MDR-7506,899.000000,,Sony MDR-7506 Tilbud,,,,,,Y
,Marshall Woburn Black,Trådløse højttalere ,Marshall Woburn Black,Marshall Woburn Black,3999.000000,,Marshall Woburn Black Tilbud,,,,,,Y
,Klipsch GIG Black,Trådløse højttalere ,Klipsch GIG Black,Klipsch GIG Black,899.000000,,Klipsch GIG Black Tilbud,,,,,,Y
,Klipsch Groove,Trådløse højttalere ,Klipsch Groove,Klipsch Groove,1299.000000,,Klipsch Groove Tilbud,,,,,,Y
,beyerdynamic C- one Cable Standard - black,Kabler og stik Tilbehør ,beyerdynamic C- one Cable Standard - black,beyerdynamic C- one Cable Standard - black,109.000000,,beyerdynamic C- one Cable Standard - black Tilbud,,,,,,Y
,Klipsch Reference On-Ear Black,Hovedtelefoner Mikrofon Street Studie ,Klipsch Reference On-Ear Black,Klipsch Reference On-Ear Black,1499.000000,,Klipsch Reference On-Ear Black Tilbud,,,,,,Y
,Klipsch KG200,Gaming Mikrofon ,Klipsch KG200,Klipsch KG200,699.000000,,Klipsch KG200 Tilbud,,,,,,Y
,Klipsch R6 On-Ear,Hovedtelefoner Street ,Klipsch R6 On-Ear,Klipsch R6 On-Ear,699.000000,,Klipsch R6 On-Ear Tilbud,,,,,,Y
,Klipsch R6i On-Ear,Hovedtelefoner Mikrofon Street ,Klipsch R6i On-Ear,Klipsch R6i On-Ear,749.000000,,Klipsch R6i On-Ear Tilbud,,,,,,Y
,Urbanears Plattan Bluetooth Tomato,Hovedtelefoner Mikrofon Street Wireless ,Urbanears Plattan Bluetooth Tomato,Urbanears Plattan Bluetooth Tomato,799.000000,,Urbanears Plattan Bluetooth Tomato Tilbud,,,,,,Y
,Urbanears Plattan Bluetooth Flint Blue,Hovedtelefoner Mikrofon Street Wireless ,Urbanears Plattan Bluetooth Flint Blue,Urbanears Plattan Bluetooth Flint Blue,799.000000,,Urbanears Plattan Bluetooth Flint Blue Tilbud,,,,,,Y
,Klipsch KMC 1 White,Trådløse højttalere ,Klipsch KMC 1 White,Klipsch KMC 1 White,1399.000000,,Klipsch KMC 1 White Tilbud,,,,,,Y
,Klipsch KMC 1 Black,Trådløse højttalere ,Klipsch KMC 1 Black,Klipsch KMC 1 Black,1399.000000,,Klipsch KMC 1 Black Tilbud,,,,,,Y
,Sony h.ear go Bluetooth/Wi-Fi højttaler Black,Trådløse højttalere ,Sony h.ear go Bluetooth/Wi-Fi højttaler Black,Sony h.ear go Bluetooth/Wi-Fi højttaler Black,2249.000000,,Sony h.ear go Bluetooth/Wi-Fi højttaler Black Tilbud,,,,,,Y
,Sony h.ear go Bluetooth/Wi-Fi højttaler Pink,Trådløse højttalere ,Sony h.ear go Bluetooth/Wi-Fi højttaler Pink,Sony h.ear go Bluetooth/Wi-Fi højttaler Pink,2249.000000,,Sony h.ear go Bluetooth/Wi-Fi højttaler Pink Tilbud,,,,,,Y
,Sony h.ear go Bluetooth/Wi-Fi højttaler Red,Trådløse højttalere ,Sony h.ear go Bluetooth/Wi-Fi højttaler Red,Sony h.ear go Bluetooth/Wi-Fi højttaler Red,2249.000000,,Sony h.ear go Bluetooth/Wi-Fi højttaler Red Tilbud,,,,,,Y
,Sony h.ear go Bluetooth/Wi-Fi højttaler Yellow,Trådløse højttalere ,Sony h.ear go Bluetooth/Wi-Fi højttaler Yellow,Sony h.ear go Bluetooth/Wi-Fi højttaler Yellow,2249.000000,,Sony h.ear go Bluetooth/Wi-Fi højttaler Yellow Tilbud,,,,,,Y
,Sony h.ear go Bluetooth/Wi-Fi højttaler Blue,Trådløse højttalere ,Sony h.ear go Bluetooth/Wi-Fi højttaler Blue,Sony h.ear go Bluetooth/Wi-Fi højttaler Blue,2249.000000,,Sony h.ear go Bluetooth/Wi-Fi højttaler Blue Tilbud,,,,,,Y
,Sony SRS-ZR7 trådløs højttaler med Bluetooth/Wi-Fi Black,Trådløse højttalere ,Sony SRS-ZR7 trådløs højttaler med Bluetooth/Wi-Fi Black,Sony SRS-ZR7 trådløs højttaler med Bluetooth/Wi-Fi Black,.000000,,Sony SRS-ZR7 trådløs højttaler med Bluetooth/Wi-Fi Black Tilbud,,,,,,Y
,Audio-Technica ATH-CKX7IS Black,Hovedtelefoner In-Ear Mikrofon Street ,Audio-Technica ATH-CKX7IS Black,Audio-Technica ATH-CKX7IS Black,529.000000,,Audio-Technica ATH-CKX7IS Black Tilbud,,,,,,Y
,Audio-Technica ATH-CKX7IS White,Hovedtelefoner In-Ear Mikrofon Street ,Audio-Technica ATH-CKX7IS White,Audio-Technica ATH-CKX7IS White,529.000000,,Audio-Technica ATH-CKX7IS White Tilbud,,,,,,Y
,Audio-Technica ATH-SPORT3 Red,Hovedtelefoner In-Ear Sport ,Audio-Technica ATH-SPORT3 Red,Audio-Technica ATH-SPORT3 Red,489.000000,,Audio-Technica ATH-SPORT3 Red Tilbud,,,,,,Y
,Sennheiser CX 3.00,Hovedtelefoner In-Ear Street ,Sennheiser CX 3.00,Sennheiser CX 3.00,399.000000,,Sennheiser CX 3.00 Tilbud,,,,,,Y
,Skullcandy UPROAR Wireless White/Gray/Red w/Mic3,Mikrofon Street Wireless ,Skullcandy UPROAR Wireless White/Gray/Red w/Mic3,Skullcandy UPROAR Wireless White/Gray/Red w/Mic3,449.000000,,Skullcandy UPROAR Wireless White/Gray/Red w/Mic3 Tilbud,,,,,,Y
,Skullcandy METHOD Pink/Orange/Orange w/Mic1,In-Ear Mikrofon Sport Street ,Skullcandy METHOD Pink/Orange/Orange w/Mic1,Skullcandy METHOD Pink/Orange/Orange w/Mic1,249.000000,,Skullcandy METHOD Pink/Orange/Orange w/Mic1 Tilbud,,,,,,Y
,Skullcandy UPROAR Wireless Locals Only/Multi/White w/Mic3,Mikrofon Street Wireless ,Skullcandy UPROAR Wireless Locals Only/Multi/White w/Mic3,Skullcandy UPROAR Wireless Locals Only/Multi/White w/Mic3,449.000000,,Skullcandy UPROAR Wireless Locals Only/Multi/White w/Mic3 Tilbud,,,,,,Y
,Skullcandy UPROAR Wireless Black/Gray w/Mic3,Mikrofon Street Wireless ,Skullcandy UPROAR Wireless Black/Gray w/Mic3,Skullcandy UPROAR Wireless Black/Gray w/Mic3,449.000000,,Skullcandy UPROAR Wireless Black/Gray w/Mic3 Tilbud,,,,,,Y
,Skullcandy UPROAR Wireless Ill Famed/Red/Black w/Mic3,Mikrofon Street Wireless ,Skullcandy UPROAR Wireless Ill Famed/Red/Black w/Mic3,Skullcandy UPROAR Wireless Ill Famed/Red/Black w/Mic3,449.000000,,Skullcandy UPROAR Wireless Ill Famed/Red/Black w/Mic3 Tilbud,,,,,,Y
,Sony PS-HX500 USB-pladespiller,Pladespillere ,Sony PS-HX500 USB-pladespiller,Sony PS-HX500 USB-pladespiller,4999.000000,,Sony PS-HX500 USB-pladespiller Tilbud,,,,,,Y
,Sony PHA-3AC DAC,DAC ,Sony PHA-3AC DAC,Sony PHA-3AC DAC,5999.000000,,Sony PHA-3AC DAC Tilbud,,,,,,Y
,Skullcandy UPROAR Wireless Explore Evergreen/Orange/Cream w/Mic3,Mikrofon Street Wireless ,Skullcandy UPROAR Wireless Explore Evergreen/Orange/Cream w/Mic3,Skullcandy UPROAR Wireless Explore Evergreen/Orange/Cream w/Mic3,449.000000,,Skullcandy UPROAR Wireless Explore Evergreen/Orange/Cream w/Mic3 Tilbud,,,,,,Y
,Sony MDR-EX650AP in-ear-hovedtelefoner,Hovedtelefoner In-Ear Mikrofon Street ,Sony MDR-EX650AP in-ear-hovedtelefoner,Sony MDR-EX650AP in-ear-hovedtelefoner,599.000000,,Sony MDR-EX650AP in-ear-hovedtelefoner Tilbud,,,,,,Y
,Klipsch Reference On-Ear White,Hovedtelefoner Mikrofon Street Studie ,Klipsch Reference On-Ear White,Klipsch Reference On-Ear White,1499.000000,,Klipsch Reference On-Ear White Tilbud,,,,,,Y
,Audio-Technica ATH-M50X WH,DJ Hovedtelefoner Street Studie ,Audio-Technica ATH-M50X WH,Audio-Technica ATH-M50X WH,1199.000000,,Audio-Technica ATH-M50X WH Tilbud,,,,,,Y
,Sony h.ear in NC Yellow,Hovedtelefoner In-Ear Mikrofon Noise-Cancelling Street ,Sony h.ear in NC Yellow,Sony h.ear in NC Yellow,1399.000000,,Sony h.ear in NC Yellow Tilbud,,,,,,Y
,Sony h.ear in NC Pink,Hovedtelefoner In-Ear Mikrofon Noise-Cancelling Street ,Sony h.ear in NC Pink,Sony h.ear in NC Pink,1399.000000,,Sony h.ear in NC Pink Tilbud,,,,,,Y
,Sennheiser Momentum I MKII Black til Apple,HiFi Hovedtelefoner Mikrofon Street ,Sennheiser Momentum I MKII Black til Apple,Sennheiser Momentum I MKII Black til Apple,2499.000000,,Sennheiser Momentum I MKII Black til Apple Tilbud,,,,,,Y
,Skullcandy HESH 2.0 Wireless Camo/Olive w/Mic 3,Hovedtelefoner Mikrofon Street Wireless ,Skullcandy HESH 2.0 Wireless Camo/Olive w/Mic 3,Skullcandy HESH 2.0 Wireless Camo/Olive w/Mic 3,699.000000,,Skullcandy HESH 2.0 Wireless Camo/Olive w/Mic 3 Tilbud,,,,,,Y
,Audio-Technica ATH-CKX7IS Red,Hovedtelefoner In-Ear Mikrofon Street ,Audio-Technica ATH-CKX7IS Red,Audio-Technica ATH-CKX7IS Red,.000000,,Audio-Technica ATH-CKX7IS Red Tilbud,529,,,,,Y
,Sony h.ear in NC Red,Hovedtelefoner In-Ear Mikrofon Noise-Cancelling Street ,Sony h.ear in NC Red,Sony h.ear in NC Red,1399.000000,,Sony h.ear in NC Red Tilbud,,,,,,Y
,Sony h.ear in NC Black,Hovedtelefoner In-Ear Mikrofon Noise-Cancelling Street ,Sony h.ear in NC Black,Sony h.ear in NC Black,1399.000000,,Sony h.ear in NC Black Tilbud,,,,,,Y
,Skullcandy HESH 2.0 Wireless Black w/Mic 3,Hovedtelefoner Mikrofon Street Wireless ,Skullcandy HESH 2.0 Wireless Black w/Mic 3,Skullcandy HESH 2.0 Wireless Black w/Mic 3,699.000000,,Skullcandy HESH 2.0 Wireless Black w/Mic 3 Tilbud,,,,,,Y
,Sony MDR-10RC White,Hovedtelefoner Mikrofon Street ,Sony MDR-10RC White,Sony MDR-10RC White,999.000000,,Sony MDR-10RC White Tilbud,,,,,,Y
,Sony MDR-10RC Black,Hovedtelefoner Mikrofon Street ,Sony MDR-10RC Black,Sony MDR-10RC Black,999.000000,,Sony MDR-10RC Black Tilbud,,,,,,Y
,Sony MDR-10RC Red,Hovedtelefoner Mikrofon Street ,Sony MDR-10RC Red,Sony MDR-10RC Red,999.000000,,Sony MDR-10RC Red Tilbud,,,,,,Y
,Audio-Technica ATH-CKX7IS Blue,Hovedtelefoner In-Ear Mikrofon Street ,Audio-Technica ATH-CKX7IS Blue,Audio-Technica ATH-CKX7IS Blue,529.000000,,Audio-Technica ATH-CKX7IS Blue Tilbud,,,,,,Y
,Audio-Technica ATH-CKX7IS Purple,Hovedtelefoner In-Ear Mikrofon Street ,Audio-Technica ATH-CKX7IS Purple,Audio-Technica ATH-CKX7IS Purple,529.000000,,Audio-Technica ATH-CKX7IS Purple Tilbud,,,,,,Y
,Sony h.ear on Yellow,Hovedtelefoner Mikrofon Street ,Sony h.ear on Yellow,Sony h.ear on Yellow,1399.000000,,Sony h.ear on Yellow Tilbud,,,,,,Y
,Sony h.ear on Red,Hovedtelefoner Mikrofon Street ,Sony h.ear on Red,Sony h.ear on Red,1399.000000,,Sony h.ear on Red Tilbud,,,,,,Y
,Sony h.ear on Pink,Hovedtelefoner Mikrofon Street ,Sony h.ear on Pink,Sony h.ear on Pink,1399.000000,,Sony h.ear on Pink Tilbud,,,,,,Y
,Sony h.ear on Black,Hovedtelefoner Mikrofon Street ,Sony h.ear on Black,Sony h.ear on Black,1399.000000,,Sony h.ear on Black Tilbud,,,,,,Y
,Sennheiser Momentum 2 On-Ear I Ivory MKII til Apple,HiFi Hovedtelefoner Mikrofon Street ,Sennheiser Momentum 2 On-Ear I Ivory MKII til Apple,Sennheiser Momentum 2 On-Ear I Ivory MKII til Apple,1599.000000,,Sennheiser Momentum 2 On-Ear I Ivory MKII til Apple Tilbud,,,,,,Y
,Sony h.ear on Wireless NC Pink,Hovedtelefoner Mikrofon Noise-Cancelling Street Wireless ,Sony h.ear on Wireless NC Pink,Sony h.ear on Wireless NC Pink,2499.000000,,Sony h.ear on Wireless NC Pink Tilbud,,,,,,Y
,Sennheiser Momentum 2 On-Ear I Brown MKII til Apple,HiFi Hovedtelefoner Mikrofon Street ,Sennheiser Momentum 2 On-Ear I Brown MKII til Apple,Sennheiser Momentum 2 On-Ear I Brown MKII til Apple,1549.000000,,Sennheiser Momentum 2 On-Ear I Brown MKII til Apple Tilbud,,,,,,Y
,beyerdynamic A20 hovedtelefon forstærker,Preamps / Hovedtelefonforstærker ,beyerdynamic A20 hovedtelefon forstærker,beyerdynamic A20 hovedtelefon forstærker,3699.000000,,beyerdynamic A20 hovedtelefon forstærker Tilbud,,,,,,Y
,Fostex HP-P1 Hovedtelefonforstærker & DAC,DAC Preamps / Hovedtelefonforstærker ,Fostex HP-P1 Hovedtelefonforstærker & DAC,Fostex HP-P1 Hovedtelefonforstærker & DAC,.000000,,Fostex HP-P1 Hovedtelefonforstærker & DAC Tilbud,3645,,,,,Y
,Sony h.ear on Wireless NC Blue,Hovedtelefoner Mikrofon Noise-Cancelling Street Wireless ,Sony h.ear on Wireless NC Blue,Sony h.ear on Wireless NC Blue,2499.000000,,Sony h.ear on Wireless NC Blue Tilbud,,,,,,Y
,Fostex HP-V1 Hovedtelefonforstærker,Preamps / Hovedtelefonforstærker ,Fostex HP-V1 Hovedtelefonforstærker,Fostex HP-V1 Hovedtelefonforstærker,3399.000000,,Fostex HP-V1 Hovedtelefonforstærker Tilbud,,,,,,Y
,Sony PHA-1A,DAC ,Sony PHA-1A,Sony PHA-1A,.000000,,Sony PHA-1A Tilbud,,,,,,Y
,Fostex PC-100USB Volume Controller,DAC ,Fostex PC-100USB Volume Controller,Fostex PC-100USB Volume Controller,.000000,,Fostex PC-100USB Volume Controller Tilbud,,,,,,Y
,Fostex HP-A4 24bit DAC & hovedtelefonforstærker,DAC Preamps / Hovedtelefonforstærker ,Fostex HP-A4 24bit DAC & hovedtelefonforstærker,Fostex HP-A4 24bit DAC & hovedtelefonforstærker,.000000,,Fostex HP-A4 24bit DAC & hovedtelefonforstærker Tilbud,,,,,,Y
,Audio-Technica AT-PHA100,DAC Preamps / Hovedtelefonforstærker ,Audio-Technica AT-PHA100,Audio-Technica AT-PHA100,.000000,,Audio-Technica AT-PHA100 Tilbud,,,,,,Y
,Fostex HP-A8C 32bit DAC & hovedtelefonforstærker,DAC Preamps / Hovedtelefonforstærker ,Fostex HP-A8C 32bit DAC & hovedtelefonforstærker,Fostex HP-A8C 32bit DAC & hovedtelefonforstærker,.000000,,Fostex HP-A8C 32bit DAC & hovedtelefonforstærker Tilbud,,,,,,Y
,Sennheiser Momentum 2 On-Ear I Black MKII til Apple,HiFi Hovedtelefoner Mikrofon Street ,Sennheiser Momentum 2 On-Ear I Black MKII til Apple,Sennheiser Momentum 2 On-Ear I Black MKII til Apple,1549.000000,,Sennheiser Momentum 2 On-Ear I Black MKII til Apple Tilbud,,,,,,Y
,Sennheiser HD 700,HiFi Hovedtelefoner ,Sennheiser HD 700,Sennheiser HD 700,4499.000000,,Sennheiser HD 700 Tilbud,,,,,,Y
,Sennheiser HD 800,HiFi Hovedtelefoner ,Sennheiser HD 800,Sennheiser HD 800,10169.000000,,Sennheiser HD 800 Tilbud,,,,,,Y
,Sennheiser Momentum in-ear i Black/Chrome til Apple,HiFi Hovedtelefoner In-Ear Mikrofon Street ,Sennheiser Momentum in-ear i Black/Chrome til Apple,Sennheiser Momentum in-ear i Black/Chrome til Apple,749.000000,,Sennheiser Momentum in-ear i Black/Chrome til Apple Tilbud,,,,,,Y
,Audio-Technica ATH-CKR9,HiFi Hovedtelefoner In-Ear ,Audio-Technica ATH-CKR9,Audio-Technica ATH-CKR9,1769.000000,,Audio-Technica ATH-CKR9 Tilbud,,,,,,Y
,Sennheiser CX 5.00G White,Hovedtelefoner In-Ear Mikrofon ,Sennheiser CX 5.00G White,Sennheiser CX 5.00G White,599.000000,,Sennheiser CX 5.00G White Tilbud,,,,,,Y
,Sennheiser CX 5.00G Black,Hovedtelefoner In-Ear Mikrofon ,Sennheiser CX 5.00G Black,Sennheiser CX 5.00G Black,599.000000,,Sennheiser CX 5.00G Black Tilbud,,,,,,Y
,Sennheiser CX 2.00i til apple produkter,Hovedtelefoner In-Ear Mikrofon Street ,Sennheiser CX 2.00i til apple produkter,Sennheiser CX 2.00i til apple produkter,399.000000,,Sennheiser CX 2.00i til apple produkter Tilbud,,,,,,Y
,Sennheiser HD 800 S,HiFi Hovedtelefoner ,Sennheiser HD 800 S,Sennheiser HD 800 S,12499.000000,,Sennheiser HD 800 S Tilbud,,,,,,Y
,Sennheiser Momentum Wireless Ivory,HiFi Hovedtelefoner Mikrofon Noise-Cancelling Street Wireless ,Sennheiser Momentum Wireless Ivory,Sennheiser Momentum Wireless Ivory,3499.000000,,Sennheiser Momentum Wireless Ivory Tilbud,,,,,,Y
,Sennheiser Momentum G MKII Ivory til Android/Samsung,HiFi Hovedtelefoner Mikrofon Street ,Sennheiser Momentum G MKII Ivory til Android/Samsung,Sennheiser Momentum G MKII Ivory til Android/Samsung,2499.000000,,Sennheiser Momentum G MKII Ivory til Android/Samsung Tilbud,,,,,,Y
,Sennheiser Momentum 2 On-Ear G Silver MKII til Android/Samsung,HiFi Hovedtelefoner Mikrofon Street ,Sennheiser Momentum 2 On-Ear G Silver MKII til Android/Samsung,Sennheiser Momentum 2 On-Ear G Silver MKII til Android/Samsung,1549.000000,,Sennheiser Momentum 2 On-Ear G Silver MKII til Android/Samsung Tilbud,,,,,,Y
,Sennheiser Momentum 2 On-Ear G Ivory MKII til Android/Samsung,HiFi Hovedtelefoner Mikrofon Street ,Sennheiser Momentum 2 On-Ear G Ivory MKII til Android/Samsung,Sennheiser Momentum 2 On-Ear G Ivory MKII til Android/Samsung,1549.000000,,Sennheiser Momentum 2 On-Ear G Ivory MKII til Android/Samsung Tilbud,,,,,,Y
,Sennheiser OCX 686G SPORTS til Android/Samsung,Hovedtelefoner In-Ear Mikrofon Sport ,Sennheiser OCX 686G SPORTS til Android/Samsung,Sennheiser OCX 686G SPORTS til Android/Samsung,749.000000,,Sennheiser OCX 686G SPORTS til Android/Samsung Tilbud,,,,,,Y
,Sennheiser Momentum 2 On-Ear G Black MKII til Android/Samsung,HiFi Hovedtelefoner Mikrofon Street ,Sennheiser Momentum 2 On-Ear G Black MKII til Android/Samsung,Sennheiser Momentum 2 On-Ear G Black MKII til Android/Samsung,1549.000000,,Sennheiser Momentum 2 On-Ear G Black MKII til Android/Samsung Tilbud,,,,,,Y
,Sennheiser Momentum G MKII Black til Android/Samsung,HiFi Hovedtelefoner Mikrofon Street ,Sennheiser Momentum G MKII Black til Android/Samsung,Sennheiser Momentum G MKII Black til Android/Samsung,2499.000000,,Sennheiser Momentum G MKII Black til Android/Samsung Tilbud,,,,,,Y
,Sennheiser OCX 686i SPORTS til Apple,Hovedtelefoner In-Ear Mikrofon Sport ,Sennheiser OCX 686i SPORTS til Apple,Sennheiser OCX 686i SPORTS til Apple,749.000000,,Sennheiser OCX 686i SPORTS til Apple Tilbud,,,,,,Y
,Sennheiser Momentum in-ear G Black/Chrome til Android/Samsung,HiFi Hovedtelefoner In-Ear Mikrofon Street ,Sennheiser Momentum in-ear G Black/Chrome til Android/Samsung,Sennheiser Momentum in-ear G Black/Chrome til Android/Samsung,749.000000,,Sennheiser Momentum in-ear G Black/Chrome til Android/Samsung Tilbud,,,,,,Y
,Skullcandy METHOD Teal/Green/Green w/Mic1,In-Ear Mikrofon Sport Street ,Skullcandy METHOD Teal/Green/Green w/Mic1,Skullcandy METHOD Teal/Green/Green w/Mic1,249.000000,,Skullcandy METHOD Teal/Green/Green w/Mic1 Tilbud,,,,,,Y
,Sennheiser Momentum in-ear G Red/Black til Android/Samsung,HiFi Hovedtelefoner In-Ear Mikrofon Street ,Sennheiser Momentum in-ear G Red/Black til Android/Samsung,Sennheiser Momentum in-ear G Red/Black til Android/Samsung,749.000000,,Sennheiser Momentum in-ear G Red/Black til Android/Samsung Tilbud,,,,,,Y
,Sennheiser CX 3.00 Red,Hovedtelefoner In-Ear Street ,Sennheiser CX 3.00 Red,Sennheiser CX 3.00 Red,399.000000,,Sennheiser CX 3.00 Red Tilbud,,,,,,Y
,Sennheiser CX 3.00 White,Hovedtelefoner In-Ear Street ,Sennheiser CX 3.00 White,Sennheiser CX 3.00 White,399.000000,,Sennheiser CX 3.00 White Tilbud,,,,,,Y
,Sennheiser CX 5.00i Black,Hovedtelefoner In-Ear Mikrofon ,Sennheiser CX 5.00i Black,Sennheiser CX 5.00i Black,599.000000,,Sennheiser CX 5.00i Black Tilbud,,,,,,Y
,Sennheiser CX 2.00G White til Android/Samsung produkter,Hovedtelefoner In-Ear Mikrofon Street ,Sennheiser CX 2.00G White til Android/Samsung produkter,Sennheiser CX 2.00G White til Android/Samsung produkter,399.000000,,Sennheiser CX 2.00G White til Android/Samsung produkter Tilbud,,,,,,Y
,Sennheiser CX 2.00i White til apple produkter,Hovedtelefoner In-Ear Mikrofon Street ,Sennheiser CX 2.00i White til apple produkter,Sennheiser CX 2.00i White til apple produkter,399.000000,,Sennheiser CX 2.00i White til apple produkter Tilbud,,,,,,Y
,Sennheiser CX 2.00G til Android/Samsung produkter,Hovedtelefoner In-Ear Mikrofon Street ,Sennheiser CX 2.00G til Android/Samsung produkter,Sennheiser CX 2.00G til Android/Samsung produkter,399.000000,,Sennheiser CX 2.00G til Android/Samsung produkter Tilbud,,,,,,Y
,Sennheiser CX 1.00 White,Hovedtelefoner In-Ear ,Sennheiser CX 1.00 White,Sennheiser CX 1.00 White,319.000000,,Sennheiser CX 1.00 White Tilbud,,,,,,Y
,Sennheiser CX 1.00,Hovedtelefoner In-Ear ,Sennheiser CX 1.00,Sennheiser CX 1.00,319.000000,,Sennheiser CX 1.00 Tilbud,,,,,,Y
,Fostex HP-A3 32bit D/A Converter,DAC Preamps / Hovedtelefonforstærker ,Fostex HP-A3 32bit D/A Converter,Fostex HP-A3 32bit D/A Converter,.000000,,Fostex HP-A3 32bit D/A Converter Tilbud,,,,,,Y
,Sennheiser HD 650,HiFi Hovedtelefoner ,Sennheiser HD 650,Sennheiser HD 650,3199.000000,,Sennheiser HD 650 Tilbud,,,,,,Y
,beyerdynamic T 70 - 250 Ohm,HiFi Hovedtelefoner ,beyerdynamic T 70 - 250 Ohm,beyerdynamic T 70 - 250 Ohm,3399.000000,,beyerdynamic T 70 - 250 Ohm Tilbud,,,,,,Y
,beyerdynamic T 70 p - 32 Ohm,HiFi Hovedtelefoner Street ,beyerdynamic T 70 p - 32 Ohm,beyerdynamic T 70 p - 32 Ohm,3399.000000,,beyerdynamic T 70 p - 32 Ohm Tilbud,,,,,,Y
,Audio-Technica ATH-M30X,DJ Hovedtelefoner Street Studie ,Audio-Technica ATH-M30X,Audio-Technica ATH-M30X,549.000000,,Audio-Technica ATH-M30X Tilbud,,,,,,Y
,beyerdynamic DT 231 Pro,Hovedtelefoner Street Studie ,beyerdynamic DT 231 Pro,beyerdynamic DT 231 Pro,349.000000,,beyerdynamic DT 231 Pro Tilbud,,,,,,Y
,Sony SRS-ZR7 trådløs højttaler med Bluetooth/Wi-Fi White,Trådløse højttalere ,Sony SRS-ZR7 trådløs højttaler med Bluetooth/Wi-Fi White,Sony SRS-ZR7 trådløs højttaler med Bluetooth/Wi-Fi White,.000000,,Sony SRS-ZR7 trådløs højttaler med Bluetooth/Wi-Fi White Tilbud,,,,,,Y
,Sony SRS-X99 Trådløs højttaler med Wi-Fi/Bluetooth,Trådløse højttalere ,Sony SRS-X99 Trådløs højttaler med Wi-Fi/Bluetooth,Sony SRS-X99 Trådløs højttaler med Wi-Fi/Bluetooth,5299.000000,,Sony SRS-X99 Trådløs højttaler med Wi-Fi/Bluetooth Tilbud,,,,,,Y
,beyerdynamic DT 1770 Pro,Hovedtelefoner Studie ,beyerdynamic DT 1770 Pro,beyerdynamic DT 1770 Pro,4499.000000,,beyerdynamic DT 1770 Pro Tilbud,,,,,,Y
,Skullcandy PLYR 2 Wireless White,Gaming Mikrofon Wireless ,Skullcandy PLYR 2 Wireless White,Skullcandy PLYR 2 Wireless White,899.000000,,Skullcandy PLYR 2 Wireless White Tilbud,,,,,,Y
,beyerdynamic Custom Street,Hovedtelefoner Mikrofon Street ,beyerdynamic Custom Street,beyerdynamic Custom Street,899.000000,,beyerdynamic Custom Street Tilbud,,,,,,Y
,beyerdynamic Custom Street White,Hovedtelefoner Mikrofon Street ,beyerdynamic Custom Street White,beyerdynamic Custom Street White,899.000000,,beyerdynamic Custom Street White Tilbud,,,,,,Y
,beyerdynamic iDX 200 iE,Hovedtelefoner In-Ear Mikrofon Street ,beyerdynamic iDX 200 iE,beyerdynamic iDX 200 iE,1499.000000,,beyerdynamic iDX 200 iE Tilbud,,,,,,Y
,beyerdynamic iDX 120 iE,Hovedtelefoner In-Ear Mikrofon Street ,beyerdynamic iDX 120 iE,beyerdynamic iDX 120 iE,699.000000,,beyerdynamic iDX 120 iE Tilbud,,,,,,Y
,beyerdynamic Custom Studio,Hovedtelefoner Studie ,beyerdynamic Custom Studio,beyerdynamic Custom Studio,1649.000000,,beyerdynamic Custom Studio Tilbud,,,,,,Y
,beyerdynamic T1,HiFi Hovedtelefoner Studie ,beyerdynamic T1,beyerdynamic T1,6999.000000,,beyerdynamic T1 Tilbud,,,,,,Y
,beyerdynamic Custom One Pro Plus White,Hovedtelefoner Mikrofon Street Studie ,beyerdynamic Custom One Pro Plus White,beyerdynamic Custom One Pro Plus White,1399.000000,,beyerdynamic Custom One Pro Plus White Tilbud,,,,,,Y
,Marshall Major II Black,Hovedtelefoner Mikrofon Street ,Marshall Major II Black,Marshall Major II Black,799.000000,,Marshall Major II Black Tilbud,,,,,,Y
,Marshall Monitor Black,Hovedtelefoner Mikrofon Street ,Marshall Monitor Black,Marshall Monitor Black,1349.000000,,Marshall Monitor Black Tilbud,,,,,,Y
,Marshall Major II Brown,Hovedtelefoner Mikrofon Street ,Marshall Major II Brown,Marshall Major II Brown,799.000000,,Marshall Major II Brown Tilbud,,,,,,Y
,beyerdynamic iDX 160 iE,Hovedtelefoner In-Ear Mikrofon Street ,beyerdynamic iDX 160 iE,beyerdynamic iDX 160 iE,849.000000,,beyerdynamic iDX 160 iE Tilbud,,,,,,Y
,Klipsch R6m,In-Ear Mikrofon Street ,Klipsch R6m,Klipsch R6m,599.000000,,Klipsch R6m Tilbud,,,,,,Y
,beyerdynamic Custom One Pro Plus,Hovedtelefoner Mikrofon Street Studie ,beyerdynamic Custom One Pro Plus,beyerdynamic Custom One Pro Plus,1399.000000,,beyerdynamic Custom One Pro Plus Tilbud,,,,,,Y
,Klipsch R6i White,In-Ear Mikrofon Street Studie ,Klipsch R6i White,Klipsch R6i White,599.000000,,Klipsch R6i White Tilbud,,,,,,Y
,Klipsch R6,In-Ear Street ,Klipsch R6,Klipsch R6,599.000000,,Klipsch R6 Tilbud,,,,,,Y
,Skullcandy SLYR Wired Stereo Xbox One (Halo),Gaming Hovedtelefoner Mikrofon Wireless ,Skullcandy SLYR Wired Stereo Xbox One (Halo),Skullcandy SLYR Wired Stereo Xbox One (Halo),1099.000000,,Skullcandy SLYR Wired Stereo Xbox One (Halo) Tilbud,,,,,,Y
,Klipsch R6 White,In-Ear Street Studie ,Klipsch R6 White,Klipsch R6 White,599.000000,,Klipsch R6 White Tilbud,,,,,,Y
,Klipsch Reference X20i,In-Ear Mikrofon Street Studie ,Klipsch Reference X20i,Klipsch Reference X20i,3699.000000,,Klipsch Reference X20i Tilbud,,,,,,Y
,Klipsch Reference X12i,In-Ear Mikrofon Street Studie ,Klipsch Reference X12i,Klipsch Reference X12i,2199.000000,,Klipsch Reference X12i Tilbud,,,,,,Y
,Klipsch Reference XR8i,In-Ear Mikrofon Street Studie ,Klipsch Reference XR8i,Klipsch Reference XR8i,1899.000000,,Klipsch Reference XR8i Tilbud,,,,,,Y
,Klipsch Reference X6i White,In-Ear Mikrofon Street Studie ,Klipsch Reference X6i White,Klipsch Reference X6i White,1399.000000,,Klipsch Reference X6i White Tilbud,,,,,,Y
,Sony MDR-1RBT,HiFi Hovedtelefoner Mikrofon Street Wireless ,Sony MDR-1RBT,Sony MDR-1RBT,2649.000000,,Sony MDR-1RBT Tilbud,,,,,,Y
,Sony MDR-1ABT Silver,HiFi Hovedtelefoner Mikrofon Street Wireless ,Sony MDR-1ABT Silver,Sony MDR-1ABT Silver,2849.000000,,Sony MDR-1ABT Silver Tilbud,,,,,,Y
,Skullcandy Smokin' Buds 2 Black/Red w/Mic1,Hovedtelefoner In-Ear Mikrofon Street ,Skullcandy Smokin' Buds 2 Black/Red w/Mic1,Skullcandy Smokin' Buds 2 Black/Red w/Mic1,279.000000,,Skullcandy Smokin' Buds 2 Black/Red w/Mic1 Tilbud,,,,,,Y
,Klipsch R6 In-Ear Bluetooth,In-Ear Mikrofon Street Wireless ,Klipsch R6 In-Ear Bluetooth,Klipsch R6 In-Ear Bluetooth,1299.000000,,Klipsch R6 In-Ear Bluetooth Tilbud,,,,,,Y
,Skullcandy Smokin' Buds 2 DIME Coral/Floral/Burgundy w/Mic1,Hovedtelefoner In-Ear Mikrofon Street ,Skullcandy Smokin' Buds 2 DIME Coral/Floral/Burgundy w/Mic1,Skullcandy Smokin' Buds 2 DIME Coral/Floral/Burgundy w/Mic1,279.000000,,Skullcandy Smokin' Buds 2 DIME Coral/Floral/Burgundy w/Mic1 Tilbud,,,,,,Y
,Skullcandy METHOD Blue/Gray/Blue w/Mic1,In-Ear Mikrofon Sport Street ,Skullcandy METHOD Blue/Gray/Blue w/Mic1,Skullcandy METHOD Blue/Gray/Blue w/Mic1,249.000000,,Skullcandy METHOD Blue/Gray/Blue w/Mic1 Tilbud,,,,,,Y
,Skullcandy METHOD Navy/Blue w/Mic1,In-Ear Mikrofon Sport Street ,Skullcandy METHOD Navy/Blue w/Mic1,Skullcandy METHOD Navy/Blue w/Mic1,249.000000,,Skullcandy METHOD Navy/Blue w/Mic1 Tilbud,,,,,,Y
,Skullcandy METHOD Plum/Pink/Pink w/Mic1,In-Ear Mikrofon Sport Street ,Skullcandy METHOD Plum/Pink/Pink w/Mic1,Skullcandy METHOD Plum/Pink/Pink w/Mic1,249.000000,,Skullcandy METHOD Plum/Pink/Pink w/Mic1 Tilbud,,,,,,Y
,Skullcandy CHOPS BUD Hot Blue,Hovedtelefoner In-Ear Sport Street ,Skullcandy CHOPS BUD Hot Blue,Skullcandy CHOPS BUD Hot Blue,189.000000,,Skullcandy CHOPS BUD Hot Blue Tilbud,,,,,,Y
,Skullcandy CHOPS BUD Black,Hovedtelefoner In-Ear Sport Street ,Skullcandy CHOPS BUD Black,Skullcandy CHOPS BUD Black,189.000000,,Skullcandy CHOPS BUD Black Tilbud,,,,,,Y
,Skullcandy XTPLYO Black/Gray w/Mic 1,In-Ear Mikrofon Sport Street ,Skullcandy XTPLYO Black/Gray w/Mic 1,Skullcandy XTPLYO Black/Gray w/Mic 1,449.000000,,Skullcandy XTPLYO Black/Gray w/Mic 1 Tilbud,,,,,,Y
,Skullcandy XTPLYO WOMENS Pink/Orange/Orange w/Mic 1,In-Ear Mikrofon Sport Street ,Skullcandy XTPLYO WOMENS Pink/Orange/Orange w/Mic 1,Skullcandy XTPLYO WOMENS Pink/Orange/Orange w/Mic 1,449.000000,,Skullcandy XTPLYO WOMENS Pink/Orange/Orange w/Mic 1 Tilbud,,,,,,Y
,Skullcandy XTPLYO WOMENS SWIRL/COOLGRAY/CHARCOAL W/MIC 1,In-Ear Mikrofon Sport Street ,Skullcandy XTPLYO WOMENS SWIRL/COOLGRAY/CHARCOAL W/MIC 1,Skullcandy XTPLYO WOMENS SWIRL/COOLGRAY/CHARCOAL W/MIC 1,449.000000,,Skullcandy XTPLYO WOMENS SWIRL/COOLGRAY/CHARCOAL W/MIC 1 Tilbud,,,,,,Y
,Audio-Technica ATH-SPORT3 Black,Hovedtelefoner In-Ear Sport ,Audio-Technica ATH-SPORT3 Black,Audio-Technica ATH-SPORT3 Black,489.000000,,Audio-Technica ATH-SPORT3 Black Tilbud,,,,,,Y
,Skullcandy XTPLYO Teal/Green/Green w/Mic 1,In-Ear Mikrofon Sport Street ,Skullcandy XTPLYO Teal/Green/Green w/Mic 1,Skullcandy XTPLYO Teal/Green/Green w/Mic 1,449.000000,,Skullcandy XTPLYO Teal/Green/Green w/Mic 1 Tilbud,,,,,,Y
,Skullcandy METHOD Ltgray/Gray/Ltgray w/Mic1,In-Ear Mikrofon Sport Street ,Skullcandy METHOD Ltgray/Gray/Ltgray w/Mic1,Skullcandy METHOD Ltgray/Gray/Ltgray w/Mic1,249.000000,,Skullcandy METHOD Ltgray/Gray/Ltgray w/Mic1 Tilbud,,,,,,Y
,Skullcandy XTPLYO Plum/Pink/Pink w/Mic 1,In-Ear Mikrofon Sport Street ,Skullcandy XTPLYO Plum/Pink/Pink w/Mic 1,Skullcandy XTPLYO Plum/Pink/Pink w/Mic 1,449.000000,,Skullcandy XTPLYO Plum/Pink/Pink w/Mic 1 Tilbud,,,,,,Y
,Skullcandy SLYR Wired Stereo Xbox One (Green),Gaming Hovedtelefoner Mikrofon Wireless ,Skullcandy SLYR Wired Stereo Xbox One (Green),Skullcandy SLYR Wired Stereo Xbox One (Green),1099.000000,,Skullcandy SLYR Wired Stereo Xbox One (Green) Tilbud,,,,,,Y
,Skullcandy GRIND Plaid/Gray w/Tap Tech,Hovedtelefoner Mikrofon Street ,Skullcandy GRIND Plaid/Gray w/Tap Tech,Skullcandy GRIND Plaid/Gray w/Tap Tech,449.000000,,Skullcandy GRIND Plaid/Gray w/Tap Tech Tilbud,,,,,,Y
,Skullcandy GRIND Wireless III Famed Royal Blue,Hovedtelefoner Mikrofon Street Wireless ,Skullcandy GRIND Wireless III Famed Royal Blue,Skullcandy GRIND Wireless III Famed Royal Blue,699.000000,,Skullcandy GRIND Wireless III Famed Royal Blue Tilbud,,,,,,Y
,Skullcandy GRIND Wireless Gray/Plaid,Hovedtelefoner Mikrofon Street Wireless ,Skullcandy GRIND Wireless Gray/Plaid,Skullcandy GRIND Wireless Gray/Plaid,699.000000,,Skullcandy GRIND Wireless Gray/Plaid Tilbud,,,,,,Y
,Skullcandy GRIND Wireless Blue/Brown,Hovedtelefoner Mikrofon Street Wireless ,Skullcandy GRIND Wireless Blue/Brown,Skullcandy GRIND Wireless Blue/Brown,699.000000,,Skullcandy GRIND Wireless Blue/Brown Tilbud,,,,,,Y
,Skullcandy GRIND Wireless White,Hovedtelefoner Mikrofon Street Wireless ,Skullcandy GRIND Wireless White,Skullcandy GRIND Wireless White,699.000000,,Skullcandy GRIND Wireless White Tilbud,,,,,,Y
,Skullcandy GRIND White/Black w/Tap Tech,Hovedtelefoner Mikrofon Street ,Skullcandy GRIND White/Black w/Tap Tech,Skullcandy GRIND White/Black w/Tap Tech,449.000000,,Skullcandy GRIND White/Black w/Tap Tech Tilbud,,,,,,Y
,Skullcandy GRIND Black/Cream w/Tap Tech,Hovedtelefoner Mikrofon Street ,Skullcandy GRIND Black/Cream w/Tap Tech,Skullcandy GRIND Black/Cream w/Tap Tech,449.000000,,Skullcandy GRIND Black/Cream w/Tap Tech Tilbud,,,,,,Y
,Skullcandy GRIND Royal/Blue w/Tap Tech,Hovedtelefoner Mikrofon Street ,Skullcandy GRIND Royal/Blue w/Tap Tech,Skullcandy GRIND Royal/Blue w/Tap Tech,449.000000,,Skullcandy GRIND Royal/Blue w/Tap Tech Tilbud,,,,,,Y
,Skullcandy GRIND Purple/Black w/Tap Tech,Hovedtelefoner Mikrofon Street ,Skullcandy GRIND Purple/Black w/Tap Tech,Skullcandy GRIND Purple/Black w/Tap Tech,449.000000,,Skullcandy GRIND Purple/Black w/Tap Tech Tilbud,,,,,,Y
,Skullcandy GRIND Black/Gray w/Tap Tech,Hovedtelefoner Mikrofon Street ,Skullcandy GRIND Black/Gray w/Tap Tech,Skullcandy GRIND Black/Gray w/Tap Tech,449.000000,,Skullcandy GRIND Black/Gray w/Tap Tech Tilbud,,,,,,Y
,Skullcandy GRIND Yellow/Black w/Tap Tech,Hovedtelefoner Mikrofon Street ,Skullcandy GRIND Yellow/Black w/Tap Tech,Skullcandy GRIND Yellow/Black w/Tap Tech,449.000000,,Skullcandy GRIND Yellow/Black w/Tap Tech Tilbud,,,,,,Y
,Skullcandy GRIND Prange/Navy w/Tap Tech,Hovedtelefoner Mikrofon Street ,Skullcandy GRIND Prange/Navy w/Tap Tech,Skullcandy GRIND Prange/Navy w/Tap Tech,449.000000,,Skullcandy GRIND Prange/Navy w/Tap Tech Tilbud,,,,,,Y
,Skullcandy GRIND Navy/Blue w/Tap Tech,Hovedtelefoner Mikrofon Street ,Skullcandy GRIND Navy/Blue w/Tap Tech,Skullcandy GRIND Navy/Blue w/Tap Tech,449.000000,,Skullcandy GRIND Navy/Blue w/Tap Tech Tilbud,,,,,,Y
,Skullcandy GRIND Brown/Gold w/Tap Tech,Hovedtelefoner Mikrofon Street ,Skullcandy GRIND Brown/Gold w/Tap Tech,Skullcandy GRIND Brown/Gold w/Tap Tech,449.000000,,Skullcandy GRIND Brown/Gold w/Tap Tech Tilbud,,,,,,Y
,Skullcandy UPROAR Locals Only/GITD/Black w/Tap Tech,Mikrofon Street ,Skullcandy UPROAR Locals Only/GITD/Black w/Tap Tech,Skullcandy UPROAR Locals Only/GITD/Black w/Tap Tech,279.000000,,Skullcandy UPROAR Locals Only/GITD/Black w/Tap Tech Tilbud,,,,,,Y
,Skullcandy UPROAR White/Gray/Red w/Tap Tech,Mikrofon Street ,Skullcandy UPROAR White/Gray/Red w/Tap Tech,Skullcandy UPROAR White/Gray/Red w/Tap Tech,279.000000,,Skullcandy UPROAR White/Gray/Red w/Tap Tech Tilbud,,,,,,Y
,Skullcandy UPROAR III Famed Green/Gray w/Tap Tech,Mikrofon Street ,Skullcandy UPROAR III Famed Green/Gray w/Tap Tech,Skullcandy UPROAR III Famed Green/Gray w/Tap Tech,279.000000,,Skullcandy UPROAR III Famed Green/Gray w/Tap Tech Tilbud,,,,,,Y
,Skullcandy UPROAR Ill Famed/Red/Black w/Tap Tech,Mikrofon Street ,Skullcandy UPROAR Ill Famed/Red/Black w/Tap Tech,Skullcandy UPROAR Ill Famed/Red/Black w/Tap Tech,279.000000,,Skullcandy UPROAR Ill Famed/Red/Black w/Tap Tech Tilbud,,,,,,Y
,Skullcandy UPROAR Ill Famed/Royal/Blue w/Tap Tech,Mikrofon Street ,Skullcandy UPROAR Ill Famed/Royal/Blue w/Tap Tech,Skullcandy UPROAR Ill Famed/Royal/Blue w/Tap Tech,279.000000,,Skullcandy UPROAR Ill Famed/Royal/Blue w/Tap Tech Tilbud,,,,,,Y
,Skullcandy UPROAR Black/Gray w/Tap Tech,Mikrofon Street ,Skullcandy UPROAR Black/Gray w/Tap Tech,Skullcandy UPROAR Black/Gray w/Tap Tech,279.000000,,Skullcandy UPROAR Black/Gray w/Tap Tech Tilbud,,,,,,Y
,Skullcandy UPROAR Camo/Slate/Navy w/Tap Tech,Mikrofon Street ,Skullcandy UPROAR Camo/Slate/Navy w/Tap Tech,Skullcandy UPROAR Camo/Slate/Navy w/Tap Tech,279.000000,,Skullcandy UPROAR Camo/Slate/Navy w/Tap Tech Tilbud,,,,,,Y
,Skullcandy UPROAR Ill Famed/Coral/Cream w/Tap Tech,Mikrofon Street ,Skullcandy UPROAR Ill Famed/Coral/Cream w/Tap Tech,Skullcandy UPROAR Ill Famed/Coral/Cream w/Tap Tech,279.000000,,Skullcandy UPROAR Ill Famed/Coral/Cream w/Tap Tech Tilbud,,,,,,Y
,Skullcandy UPROAR Explore/Animal/Mustard w/Tap Tech,Mikrofon Street ,Skullcandy UPROAR Explore/Animal/Mustard w/Tap Tech,Skullcandy UPROAR Explore/Animal/Mustard w/Tap Tech,279.000000,,Skullcandy UPROAR Explore/Animal/Mustard w/Tap Tech Tilbud,,,,,,Y
,Skullcandy PLYR 2 Wireless Teal/Navy,Gaming Mikrofon Wireless ,Skullcandy PLYR 2 Wireless Teal/Navy,Skullcandy PLYR 2 Wireless Teal/Navy,899.000000,,Skullcandy PLYR 2 Wireless Teal/Navy Tilbud,,,,,,Y
,Skullcandy PLYR 2 Wireless Black/Yellow,Gaming Mikrofon Wireless ,Skullcandy PLYR 2 Wireless Black/Yellow,Skullcandy PLYR 2 Wireless Black/Yellow,899.000000,,Skullcandy PLYR 2 Wireless Black/Yellow Tilbud,,,,,,Y
,Skullcandy SLYR White,Gaming Hovedtelefoner Mikrofon ,Skullcandy SLYR White,Skullcandy SLYR White,649.000000,,Skullcandy SLYR White Tilbud,,,,,,Y
,Skullcandy SLYR Black,Gaming Hovedtelefoner Mikrofon ,Skullcandy SLYR Black,Skullcandy SLYR Black,649.000000,,Skullcandy SLYR Black Tilbud,,,,,,Y
,Skullcandy SLYR Blue,Gaming Hovedtelefoner Mikrofon Street ,Skullcandy SLYR Blue,Skullcandy SLYR Blue,649.000000,,Skullcandy SLYR Blue Tilbud,,,,,,Y
,beyerdynamic MMX 300,Gaming Hovedtelefoner Mikrofon ,beyerdynamic MMX 300,beyerdynamic MMX 300,2399.000000,,beyerdynamic MMX 300 Tilbud,,,,,,Y
,Klipsch KG-100,Gaming Hovedtelefoner Mikrofon ,Klipsch KG-100,Klipsch KG-100,699.000000,,Klipsch KG-100 Tilbud,,,,,,Y
,Sony h.ear on Wireless NC Yellow,Hovedtelefoner Mikrofon Noise-Cancelling Street Wireless ,Sony h.ear on Wireless NC Yellow,Sony h.ear on Wireless NC Yellow,2499.000000,,Sony h.ear on Wireless NC Yellow Tilbud,,,,,,Y
,Audio-Technica ATH-SR5BT Black,Hovedtelefoner Mikrofon Street Wireless ,Audio-Technica ATH-SR5BT Black,Audio-Technica ATH-SR5BT Black,1399.000000,,Audio-Technica ATH-SR5BT Black Tilbud,,,,,,Y
,Skullcandy JIB Blue,In-Ear ,Skullcandy JIB Blue,Skullcandy JIB Blue,129.000000,,Skullcandy JIB Blue Tilbud,,,,,,Y
,Skullcandy CHOPS BUD Hot Red,Hovedtelefoner In-Ear Sport Street ,Skullcandy CHOPS BUD Hot Red,Skullcandy CHOPS BUD Hot Red,189.000000,,Skullcandy CHOPS BUD Hot Red Tilbud,,,,,,Y
,Skullcandy CHOPS BUD Teal/Green,Hovedtelefoner In-Ear Sport Street ,Skullcandy CHOPS BUD Teal/Green,Skullcandy CHOPS BUD Teal/Green,189.000000,,Skullcandy CHOPS BUD Teal/Green Tilbud,,,,,,Y
,Skullcandy CHOPS BUD Yellow/Black,Hovedtelefoner In-Ear Sport Street ,Skullcandy CHOPS BUD Yellow/Black,Skullcandy CHOPS BUD Yellow/Black,189.000000,,Skullcandy CHOPS BUD Yellow/Black Tilbud,,,,,,Y
,Skullcandy CHOPS BUD Plum/Pink,Hovedtelefoner In-Ear Sport Street ,Skullcandy CHOPS BUD Plum/Pink,Skullcandy CHOPS BUD Plum/Pink,189.000000,,Skullcandy CHOPS BUD Plum/Pink Tilbud,,,,,,Y
,Skullcandy CHOPS BUD Navy/Blue,Hovedtelefoner In-Ear Sport Street ,Skullcandy CHOPS BUD Navy/Blue,Skullcandy CHOPS BUD Navy/Blue,189.000000,,Skullcandy CHOPS BUD Navy/Blue Tilbud,,,,,,Y
,Skullcandy Smokin' Buds 2 DIME Tiffany/Smoked Purple w/Mic1,Hovedtelefoner In-Ear Mikrofon Street ,Skullcandy Smokin' Buds 2 DIME Tiffany/Smoked Purple w/Mic1,Skullcandy Smokin' Buds 2 DIME Tiffany/Smoked Purple w/Mic1,279.000000,,Skullcandy Smokin' Buds 2 DIME Tiffany/Smoked Purple w/Mic1 Tilbud,,,,,,Y
,Skullcandy Smokin' Buds 2 Black w/Mic1,Hovedtelefoner In-Ear Mikrofon Street ,Skullcandy Smokin' Buds 2 Black w/Mic1,Skullcandy Smokin' Buds 2 Black w/Mic1,279.000000,,Skullcandy Smokin' Buds 2 Black w/Mic1 Tilbud,,,,,,Y
,Skullcandy Smokin' Buds 2 Spaced Out/Orange Idrium/Afterburn w/Mic1,Hovedtelefoner In-Ear Mikrofon Street ,Skullcandy Smokin' Buds 2 Spaced Out/Orange Idrium/Afterburn w/Mic1,Skullcandy Smokin' Buds 2 Spaced Out/Orange Idrium/Afterburn w/Mic1,279.000000,,Skullcandy Smokin' Buds 2 Spaced Out/Orange Idrium/Afterburn w/Mic1 Tilbud,,,,,,Y
,Skullcandy Smokin' Buds 2 Spaced Out/Clear/Black w/Mic1,Hovedtelefoner In-Ear Mikrofon Street ,Skullcandy Smokin' Buds 2 Spaced Out/Clear/Black w/Mic1,Skullcandy Smokin' Buds 2 Spaced Out/Clear/Black w/Mic1,279.000000,,Skullcandy Smokin' Buds 2 Spaced Out/Clear/Black w/Mic1 Tilbud,,,,,,Y
,Skullcandy Smokin' Buds 2 Hot Blue/Hot lime w/Mic1,Hovedtelefoner In-Ear Mikrofon Street ,Skullcandy Smokin' Buds 2 Hot Blue/Hot lime w/Mic1,Skullcandy Smokin' Buds 2 Hot Blue/Hot lime w/Mic1,279.000000,,Skullcandy Smokin' Buds 2 Hot Blue/Hot lime w/Mic1 Tilbud,,,,,,Y
,Skullcandy Smokin' Buds 2 DIME White/Geo/Black w/Mic1,Hovedtelefoner In-Ear Mikrofon Street ,Skullcandy Smokin' Buds 2 DIME White/Geo/Black w/Mic1,Skullcandy Smokin' Buds 2 DIME White/Geo/Black w/Mic1,279.000000,,Skullcandy Smokin' Buds 2 DIME White/Geo/Black w/Mic1 Tilbud,,,,,,Y
,Skullcandy Smokin' Buds 2 Black/White w/Mic1,Hovedtelefoner In-Ear Mikrofon Street ,Skullcandy Smokin' Buds 2 Black/White w/Mic1,Skullcandy Smokin' Buds 2 Black/White w/Mic1,279.000000,,Skullcandy Smokin' Buds 2 Black/White w/Mic1 Tilbud,,,,,,Y
,Skullcandy Smokin' Buds 2 DIME Mash-Up/Clear/Coral w/Mic1,Hovedtelefoner In-Ear Mikrofon Street ,Skullcandy Smokin' Buds 2 DIME Mash-Up/Clear/Coral w/Mic1,Skullcandy Smokin' Buds 2 DIME Mash-Up/Clear/Coral w/Mic1,279.000000,,Skullcandy Smokin' Buds 2 DIME Mash-Up/Clear/Coral w/Mic1 Tilbud,,,,,,Y
,beyerdynamic DT 770 Pro 250 Ohm,Hovedtelefoner Street Studie ,beyerdynamic DT 770 Pro 250 Ohm,beyerdynamic DT 770 Pro 250 Ohm,1249.000000,,beyerdynamic DT 770 Pro 250 Ohm Tilbud,,,,,,Y
,Audio-Technica ATH-M50X,DJ Hovedtelefoner Street Studie ,Audio-Technica ATH-M50X,Audio-Technica ATH-M50X,1199.000000,,Audio-Technica ATH-M50X Tilbud,,,,,,Y
,Audio-Technica ATH-M40X,DJ Hovedtelefoner Street Studie ,Audio-Technica ATH-M40X,Audio-Technica ATH-M40X,799.000000,,Audio-Technica ATH-M40X Tilbud,,,,,,Y
,Audio-Technica ATH-M20X,DJ Hovedtelefoner Street Studie ,Audio-Technica ATH-M20X,Audio-Technica ATH-M20X,389.000000,,Audio-Technica ATH-M20X Tilbud,,,,,,Y
,AKG IP2,Hovedtelefoner In-Ear ,AKG IP2,AKG IP2,849.000000,,AKG IP2 Tilbud,,,,,,Y
,Audio-Technica ATH-M70X,DJ Hovedtelefoner Street Studie ,Audio-Technica ATH-M70X,Audio-Technica ATH-M70X,2239.000000,,Audio-Technica ATH-M70X Tilbud,,,,,,Y
,AKG K240 MKII 55 ohm,Hovedtelefoner Studie ,AKG K240 MKII 55 ohm,AKG K240 MKII 55 ohm,899.000000,,AKG K240 MKII 55 ohm Tilbud,,,,,,Y
,AKG K701,HiFi Hovedtelefoner Studie ,AKG K701,AKG K701,1499.000000,,AKG K701 Tilbud,,,,,,Y
,AKG K702,HiFi Hovedtelefoner Studie ,AKG K702,AKG K702,1699.000000,,AKG K702 Tilbud,,,,,,Y
,AKG K141,Hovedtelefoner Studie ,AKG K141,AKG K141,749.000000,,AKG K141 Tilbud,,,,,,Y
,AKG K171 MKII,Hovedtelefoner Studie ,AKG K171 MKII,AKG K171 MKII,849.000000,,AKG K171 MKII Tilbud,,,,,,Y
,AKG K121,Hovedtelefoner Studie ,AKG K121,AKG K121,599.000000,,AKG K121 Tilbud,,,,,,Y
,AKG K240 Studio,Hovedtelefoner Studie ,AKG K240 Studio,AKG K240 Studio,739.000000,,AKG K240 Studio Tilbud,,,,,,Y
,AKG K712 PRO 62 ohm,Hovedtelefoner Studie ,AKG K712 PRO 62 ohm,AKG K712 PRO 62 ohm,2649.000000,,AKG K712 PRO 62 ohm Tilbud,,,,,,Y
,AKG K612 PRO,Hovedtelefoner Studie ,AKG K612 PRO,AKG K612 PRO,1149.000000,,AKG K612 PRO Tilbud,,,,,,Y
,AKG K271MKII 55 ohm,Hovedtelefoner Studie ,AKG K271MKII 55 ohm,AKG K271MKII 55 ohm,999.000000,,AKG K271MKII 55 ohm Tilbud,,,,,,Y
,Skullcandy Crusher Black w/Mic1,Hovedtelefoner Mikrofon Street ,Skullcandy Crusher Black w/Mic1,Skullcandy Crusher Black w/Mic1,749.000000,,Skullcandy Crusher Black w/Mic1 Tilbud,,,,,,Y
,Skullcandy Crusher White w/Mic1,Hovedtelefoner Mikrofon Street ,Skullcandy Crusher White w/Mic1,Skullcandy Crusher White w/Mic1,749.000000,,Skullcandy Crusher White w/Mic1 Tilbud,,,,,,Y
,Skullcandy Crusher Red w/Mic1,Hovedtelefoner Mikrofon Street ,Skullcandy Crusher Red w/Mic1,Skullcandy Crusher Red w/Mic1,749.000000,,Skullcandy Crusher Red w/Mic1 Tilbud,,,,,,Y
,Audio-Technica ATH-SR5BT White,Hovedtelefoner Mikrofon Street Wireless ,Audio-Technica ATH-SR5BT White,Audio-Technica ATH-SR5BT White,1399.000000,,Audio-Technica ATH-SR5BT White Tilbud,,,,,,Y
,Skullcandy HESH 2.0 White/Black/Gun Metal w/Mic 1,Hovedtelefoner Mikrofon Street ,Skullcandy HESH 2.0 White/Black/Gun Metal w/Mic 1,Skullcandy HESH 2.0 White/Black/Gun Metal w/Mic 1,449.000000,,Skullcandy HESH 2.0 White/Black/Gun Metal w/Mic 1 Tilbud,,,,,,Y
,Skullcandy HESH 2.0 Black/Black/Gun Metal w/mic,Hovedtelefoner Mikrofon Street ,Skullcandy HESH 2.0 Black/Black/Gun Metal w/mic,Skullcandy HESH 2.0 Black/Black/Gun Metal w/mic,449.000000,,Skullcandy HESH 2.0 Black/Black/Gun Metal w/mic Tilbud,,,,,,Y
,Skullcandy Crusher Granny Floral/Dark Gray w/Mic1,Hovedtelefoner Mikrofon Street ,Skullcandy Crusher Granny Floral/Dark Gray w/Mic1,Skullcandy Crusher Granny Floral/Dark Gray w/Mic1,749.000000,,Skullcandy Crusher Granny Floral/Dark Gray w/Mic1 Tilbud,,,,,,Y
,Skullcandy Crusher Realtree/Dark tan w/Mic1,Hovedtelefoner Mikrofon Street ,Skullcandy Crusher Realtree/Dark tan w/Mic1,Skullcandy Crusher Realtree/Dark tan w/Mic1,749.000000,,Skullcandy Crusher Realtree/Dark tan w/Mic1 Tilbud,,,,,,Y
,Skullcandy Crusher Microfloral/Gray w/Mic1,Hovedtelefoner Mikrofon Street ,Skullcandy Crusher Microfloral/Gray w/Mic1,Skullcandy Crusher Microfloral/Gray w/Mic1,749.000000,,Skullcandy Crusher Microfloral/Gray w/Mic1 Tilbud,,,,,,Y
,Skullcandy Crusher Gray/Hot Lime w/Mic1,Hovedtelefoner Mikrofon Street ,Skullcandy Crusher Gray/Hot Lime w/Mic1,Skullcandy Crusher Gray/Hot Lime w/Mic1,749.000000,,Skullcandy Crusher Gray/Hot Lime w/Mic1 Tilbud,,,,,,Y
,Skullcandy Crusher Gray/Cyan w/Mic1,Hovedtelefoner Mikrofon Street ,Skullcandy Crusher Gray/Cyan w/Mic1,Skullcandy Crusher Gray/Cyan w/Mic1,749.000000,,Skullcandy Crusher Gray/Cyan w/Mic1 Tilbud,,,,,,Y
,AKG K812,Hovedtelefoner Studie ,AKG K812,AKG K812,10999.000000,,AKG K812 Tilbud,,,,,,Y
